close,open,high,low,score,DJI,GSPC,IXIC,predicted_close
59.19,58.54,59.53,58.37,20,20894.83008,2394.02002,6133.620117,58.440999999999995
